id,title,author,genre,publisher,year
21778,Call of Duty: World at War,Elmer Parker,Mythopoeia,Orion Books,2003
21374,WarioWare: Touched!,Ms. Kami Prosacco,Mythology,St. Martin's Press,1951
21457,Titanic: Music from the Motion Picture,Zoila Christiansen,Historical fiction,"Farrar, Straus & Giroux",2009
21881,Flashdance: Original Soundtrack from the Motion Picture,"Joseph Raynor, Ja Ankunding II",Metafiction,Pen and Sword Books,2024
21446,Riot!,Louanne Cruickshank,Mystery,Bellevue Literary Press,1987
22052,Cidade de Deus,Johnny Russel,Reference book,Gay Men's Press,1979
21952,The Yellow Meads of Asphodel,Teresia Fisher,Mystery,Black Library,2000
21583,Citizen Kane,"Sen. Jackson Gutmann, Shelby Willms IV",Suspense/Thriller,University of Chicago Press,1884
21936,Quo Vadis,Sue Stark,Fairy tale,Gefen Publishing House,2019
21969,Left 4 Dead,Msgr. Marjorie Koepp,Horror,Medknow Publications,2013
21605,The Usual Suspects,"Dianne Jakubowski, Cheree Welch",Mystery,Fairview Press,1999
21975,Pokémon Omega Ruby,Kirsten Schaefer,Fantasy,Hay House,1994
21513,Counter-Strike: Source,Tegan Runolfsdottir,Speech,George Routledge & Sons,2001
21570,Star Wars: Episode VIII – The Last Jedi,Refugio Zboncak PhD,Narrative nonfiction,Tate Publishing & Enterprises,1913
21632,Surprised by Joy,Rico Zemlak,Tall tale,Zed Books,1997
21359,Mary and Max,"Deborah Grant, Roman Osinski Sr., Shanti Hand",Essay,Harper & Row,1911
21788,The Deer Hunter,Richie Gislason,Fiction in verse,Academic Press,2019
22004,Gladiator,Kristeen Kessler CPA,Fanfiction,Macmillan Publishers,2010
21460,Some Buried Caesar,"Adell Considine, Leana Feil, Sen. Vonnie Jerde",Realistic fiction,Unknown,2010
22034,Carrion Comfort,Chara Morissette,Classic,Edupedia Publications,2014
21640,Perfect Dark,Adelia Lind,Tall tale,Penguin Books,2016
21763,Inglourious Basterds,Kylee Smith,Legend,Gaspereau Press,1985
21783,Fair Stood the Wind for France,Raul Hoppe,Reference book,Target Books,2024
21734,The Way Through the Woods,Felicita White DO,Fanfiction,HarperCollins,1979
21996,Gone with the Wind,Sen. Jackson Gutmann,Classic,Vintage Books,1995
21411,Grim Fandango,Amb. Nannie Labadie,Short story,Heyday Books,2010
22055,Beyond the Mexique Bay,"Reginia Weissnat, Miss Wade Lebsack",Classic,Ballantine Books,1984
21551,Snatch,Rep. Vern Turcotte,Classic,Shambhala Publications,2026
21296,Forrest Gump,Boris Schowalter CPA,Mythology,Unknown,2002
21529,Pale Kings and Princes,Danilo Zieme,Narrative nonfiction,Fearless Books,1900
21972,Brothers in Arms,Fletcher Upton,Science fiction,New English Library,1998
21730,Pokémon HeartGold,Dominique Sipes,Metafiction,Athabasca University Press,2013
21846,Thief II,Haywood Wyman,Tall tale,Del Rey Books,2006
21608,Inception,"Delois Koss, Sid Oberbrunner, Catrina Roob PhD",Historical fiction,Gefen Publishing House,1997
21595,Network,Zackary Carter,Fairy tale,Koren Publishers Jerusalem,1998
21395,His Dark Materials,Msgr. Mohammad Koelpin,Fiction in verse,Bowes & Bowes,1989
21415,The Matrix,Carin Christiansen,Narrative nonfiction,FabJob,1983
21507,Spotlight,"Enrique Gislason, Sean Harvey III, Glenna Huel",Essay,Addison-Wesley,1984
21818,Pokémon Black 2,Kasey Effertz,Folklore,Pen and Sword Books,1989
21441,The Godfather,"Edmundo Oberbrunner, Bernard Bayer, Amb. Elia Lebsack",Essay,George Routledge & Sons,1937
21963,A Catskill Eagle,Anton Toy,Narrative nonfiction,Atlas Press,2017
21726,Touch of Evil,"Selena Schroeder, Roland Murray",Narrative nonfiction,Ballantine Books,1988
21899,Blood's a Rover,"Sean Kassulke, Rosann Wolf VM",Crime/Detective,Felony & Mayhem Press,1976
21398,Dead Poets Society,"Anton Toy, Tabetha Johnston",Fantasy,Dedalus Books,2002
21302,Stand by Me,Emile Koepp DO,Fiction in verse,Nauka,1992
21423,"Those Barren Leaves, Thrones, Dominations",Freddie Weissnat,Metafiction,Simon & Schuster,2018
21903,The Far-Distant Oxus,Cruz Abshire MD,Western,UCL Press,1980
21918,Number the Stars,Candis Ledner Sr.,Humor,Manning Publications,1976
21485,Brütal Legend,Abigail Reynolds,Suspense/Thriller,Felony & Mayhem Press,1980
21617,The Silence of the Lambs,Dr. Pat Kunze,Mythology,Eel Pie Publishing,1979
22036,Mario Kart 8 Deluxe,Shanelle Upton,Fantasy,George Newnes,2017
21974,Far From the Madding Crowd,Matthew Boehm,Realistic fiction,St. Martin's Press,2013
21868,Spice,"Gov. Boyce Franecki, Odell Treutel",Fable,Black Sparrow Books,1995
21386,Doom 3: BFG,"Lavon Langosh, Msgr. Juan Beer, Garth Heidenreich",Mystery,Dedalus Books,1972
21531,Whiplash,Salvatore Mills,Horror,Edupedia Publications,2008
22049,Hotel California,Farah Rohan II,Realistic fiction,Black Library,1990
21871,Banjo-Kazooie: Grunty's Revenge,Karisa Kozey,Narrative nonfiction,Eerdmans Publishing,1978
21920,Casino,Marlon Casper,Science fiction,"Harry N. Abrams, Inc.",1993
22005,Life is Strange,"Era Hodkiewicz, Miss Bok Barrows, Jeffery Leuschke PhD",Western,Del Rey Books,2021
21953,The Witcher,Bennett Raynor,Crime/Detective,Pen and Sword Books,2018
21747,Let Us Now Praise Famous Men,Sook Halvorson,Speech,Macmillan Publishers,1959
21869,Call of Duty: Black Ops 4,Sanjuana Bernier,Science fiction,United States Government Publishing Office,1991
21901,Wildfire at Midnight,Valery Schimmel,Humor,Daedalus Publishing,2007
21618,Pokémon Sun,Miss Ward Farrell,Horror,Hay House,2002
21827,The Sixth Sense,Mireya Schroeder,Realistic fiction,Reed Elsevier,2002
21723,Rush,Billy Dare,Fairy tale,Anvil Press Poetry,2011
22001,Pokémon Sapphire,Amb. Amberly Beatty,Fanfiction,Golden Cockerel Press,1992
21495,I Sing the Body Electric,Hoyt Jacobson III,Textbook,Hodder Headline,1996
21780,Clannad,Trevor Turner,Fiction in verse,Mascot Books,2023
21921,The Wizard of Oz,Rocky Erdman,Comic/Graphic Novel,Athabasca University Press,1984
21648,Call of Duty: Modern Warfare 3,"Alphonso Gulgowski, Josette Nikolaus DC, Mercedez Welch",Tall tale,George Routledge & Sons,1843
21771,Devil May Cry,Bob Treutel DDS,Fiction in verse,Cengage Learning,2024
21707,The Departed,Antonio Lindgren,Speech,Vintage Books,2005
21684,Mario Kart 7,"Benedict Steuber, Randal McCullough, Jon Hettinger DVM",Speech,Ellora's Cave,2000
21469,Wii Play,"Travis Von, Leighann O'Connell",Fable,Haynes Manuals,1943
21655,Come Away with Me,"Roman Koss, Sook Halvorson",Crime/Detective,Pan Books,2013
21902,Backstreet's Back,Kizzie Purdy,Legend,Book League of America,1997
21383,The Lord of the Rings: The Fellowship of the Ring,"Fredda Brekke, Vernice Emard, Dylan Upton",Metafiction,Atlantic Books,2022
21699,Star Wars: Episode IX – The Rise of Skywalker,"Roman Koss, Sook Halvorson",Comic/Graphic Novel,Ten Speed Press,2014
21298,Princess Mononoke,Rosann Wolf VM,Comic/Graphic Novel,Hachette Book Group USA,1996
21773,Shutter Island,Kathey Gorczany,Fable,Bloodaxe Books,1837
21914,Mass Effect 2,Prof. Augustus Konopelski,Legend,E. P. Dutton,1945
21656,To Say Nothing of the Dog,Veronique Carter,Reference book,Hamish Hamilton,1996
21767,12 Angry Men,"Coy Streich, Lela Emard, Keeley Hand",Realistic fiction,Unknown,2021
21326,Halo: Combat Evolved,Joana Botsford,Speech,Nonesuch Press,2022
21859,Legend: The Best of Bob Marley & The Wailers,Alec Ziemann,Essay,Unknown,2023
21407,The Torment of Others,Reid Rice,Mythopoeia,Airiti Press,1914
21721,Beyond the Mexique Bay,"Reginia Weissnat, Miss Wade Lebsack",Classic,Gefen Publishing House,1988
21538,Command & Conquer 3: Tiberium Wars,Pedro Bradtke,Mythology,Cisco Press,1979
21616,Mario Kart: Double Dash,Mr. Dominque Becker,Realistic fiction,Virago Press,2020
21904,The Sting,Alina Collier Esq.,Classic,Caister Academic Press,1992
21653,Blue Remembered Earth,"Joseph Raynor, Ja Ankunding II",Legend,Eel Pie Publishing,1986
21739,Quake,"Renee Rogahn, Merrill Marks",Realistic fiction,Harcourt Trade Publishers,1981
21677,Vanity Fair,Elane Miller,Reference book,Victor Gollancz Ltd,1993
21530,Led Zeppelin IV,"Rocky Erdman, Curtis Rohan",Realistic fiction,Tartarus Press,1990
21361,Great Work of Time,Laronda Kuhn,Crime/Detective,J. M. Dent,1992
22002,LittleBigPlanet,Johnny Russel,Humor,Library of America,2007
21568,Overwatch,Luigi Parker,Crime/Detective,Imperial War Museum,1982
21384,The Legend of Zelda,"Sook Halvorson, Roman Koss",Speech,Victor Gollancz Ltd,1995
21714,Wolfenstein 3D,Elvina Nader,Biography/Autobiography,University of Michigan Press,1995
21580,Mr Standfast,Sen. Leta Berge,Comic/Graphic Novel,Chatto and Windus,2013
22014,Mario Kart 64,Jerald Raynor,Textbook,Indiana University Press,1980
21692,Just Cause 2,Dr. Deb Kemmer,Realistic fiction,Pen and Sword Books,1916
21519,Greatest Hits,Reuben Mayert,Classic,Hackett Publishing Company,2015
21610,Ring of Bright Water,"Timmy Corwin, Franklyn Stokes VM",Legend,Horizon Scientific Press,1996
21471,Call of Duty,Myrtis Corwin,Narrative nonfiction,HarperCollins,2026
22039,21,"Lavon Langosh, Msgr. Juan Beer, Garth Heidenreich",Fairy tale,Elsevier,2021
21785,Oh! To be in England,Amb. Nannie Labadie,Legend,Indiana University Press,1985
21564,Pokémon Diamond,Sonny Bogan,Classic,Marion Boyars Publishers,1979
21877,Half-Life: Opposing Force,"Anton Toy, Tabetha Johnston",Realistic fiction,Ziff Davis Media,1987
21502,The Shining,Korey Rice V,Reference book,Libertas Academica,1996
21347,Blade Runner,Zackary Carter,Suspense/Thriller,Eel Pie Publishing,1987
21536,Counter-Strike,Pres. Donya West,Horror,D. Appleton & Company,2004
21465,Die Hard,Rocky Erdman,Mystery,Allen Ltd,2007
21343,Halo 5: Guardians,"Coy Streich, Keeley Hand, Lela Emard",Horror,HarperCollins,1997
21861,All About Eve,Andreas Mohr,Textbook,Felony & Mayhem Press,2001
21659,Fortnite,"Norberto Kohler, Moshe Wilderman",Metafiction,Newnes,1974
21824,A Glass of Blessings,Garth Marvin,Horror,Holt McDougal,2022
21378,The Wall,Elliot Monahan,Speech,Anvil Press Poetry,2024
21385,Twelve Monkeys,Earnest Glover,Mythology,Mascot Books,1983
22042,25,Benjamin Mills,Fantasy,Marshall Cavendish,1964
21435,Super Mario World,Jerry Cormier,Legend,Bantam Books,1848
21545,The Dark Side of the Moon,"Beverly McDermott, Pedro Bradtke",Tall tale,Velazquez Press,1965
21665,Back in Black,"Sen. Amber Roberts, Prof. Augustus Konopelski",Realistic fiction,Etruscan Press,1992
21346,Where Angels Fear to Tread,"Yesenia Raynor DDS, Hue Ondricka I, Lewis Boehm",Fantasy,DAW Books,2024
21858,It's a Battlefield,"Julius Barrows, Tamika Hayes",Legend,Flame Tree Publishing,1982
21439,The Cricket on the Hearth,Josue Grady,Fiction in verse,ECW Press,2025
21745,Toy Story 3,"Msgr. Juan Beer, Garth Heidenreich, Lavon Langosh",Narrative nonfiction,Harper & Row,1976
21577,The Wolf of Wall Street,Ozzie Jast,Fable,Ignatius Press,1994
22057,Consider Phlebas,Matthew Boehm,Folklore,Berkley Books,-1
21759,Call of Duty: Black Ops II,Benjamin Mills,Tall tale,New Holland Publishers,1993
21808,The Wings of the Dove,"Antione O'Reilly, Josette Nikolaus DC",Speech,University of Chicago Press,1997
21351,Team Fortress 2,Jermaine Wehner,Legend,Earthscan,1985
21364,Gran Torino,Jeffry Nolan Ret.,Mythology,Bantam Spectra,0
21501,A Summer Bird-Cage,Leighann O'Connell,Humor,Signet Books,1984
21319,X&Y,Caroyln Wilderman,Historical fiction,Darakwon Press,2012
21688,Halo 3: ODST,"Dominque Fisher, Leigh Bednar",Fairy tale,ECW Press,2012
21924,The Wonderful 101,Jerrold Bogan LLD,Horror,Shire Books,2015
21543,Wii Music,Cleo Predovic,Historical fiction,Kessinger Publishing,1990
21317,The House of Mirth,"Elmer Parker, Mireya Schroeder",Fable,St. Martin's Press,1990
21643,Fight Club,Latrina Kuphal,Narrative nonfiction,Athabasca University Press,2011
22050,WarioWare: Touched!,Ms. Kami Prosacco,Mythology,Chatto and Windus,1976
21597,Pokémon FireRed,Timmy Corwin,Comic/Graphic Novel,Victor Gollancz Ltd,2009
21693,Wolfenstein 2: The New Colossus,Alec Ziemann,Mythopoeia,Viking Press,2022
21875,The Glory and the Dream,Elvina Nader,Horror,Sams Publishing,2024
21728,The Heart Is a Lonely Hunter,"Rep. Bridgett Rosenbaum, Laureen Herzog, Charlsie Cummerata",Horror,Booktrope,2019
21328,The Millstone,Reuben Mayert,Reference book,Parachute Publishing,2023
21644,Left 4 Dead 2,Cruz Abshire MD,Mystery,Pantheon Books at Random House,2000
21796,A Time of Gifts,Rico Zemlak,Comic/Graphic Novel,Libertas Academica,1999
21662,Pokémon Black,Sen. Jackson Gutmann,Short story,HarperTrophy,2023
21998,Tender Is the Night,Miss Wade Lebsack,Comic/Graphic Novel,Pen and Sword Books,1980
21481,Oldeuboi,Ted Rutherford,Classic,Eel Pie Publishing,0
21623,Highway Blossoms,"Marlon Casper, Boyce Hoeger",Horror,Banner of Truth Trust,2024
21795,The Skull Beneath the Skin,Kristeen Kessler CPA,Science fiction,University of Alaska Press,2013
21633,The Godfather: Part II,Miss Wade Lebsack,Suspense/Thriller,Ian Allan Publishing,2008
21802,Pokémon Shield,Lonnie Hilpert,Mythology,Chick Publications,2012
21744,Bat Out of Hell,"Lawrence Hauck, Sean Kassulke",Realistic fiction,Ellora's Cave,2011
21950,L.A. Confidential,Shirlene Toy,Comic/Graphic Novel,Oberon Books,2005
21369,Django Unchained,"Edmundo Oberbrunner, Bernard Bayer, Amb. Elia Lebsack",Science fiction,Earthscan,1993
21306,That Hideous Strength,Rossana Cruickshank,Textbook,Chambers Harrap,2008
21834,Oops!... I Did It Again,"Mercedez Welch, Alphonso Gulgowski",Mystery,Burns & Oates,2014
21700,Star Wars: Episode VII - The Force Awakens,Gonzalo Macejkovic,Crime/Detective,Felony & Mayhem Press,1985
21338,Kingdom Hearts,Reginia Weissnat,Textbook,Carlton Publishing Group,1997
21522,Stranger in a Strange Land,Kasey Effertz,Folklore,Carnegie Mellon University Press,2026
21357,3 Idiots,Sen. Amber Roberts,Legend,George Newnes,-1
21927,The Intouchables,Curtis Rohan,Short story,Nonesuch Press,1992
21509,A Scanner Darkly,"Brandi Cole, Veronique Carter",Science fiction,Pantheon Books at Random House,1966
21913,Pokémon Gold,Ted Rutherford,Speech,Left Book Club,1978
21934,Star Wars: Episode IV – A New Hope,Caroyln Wilderman,Narrative nonfiction,Mascot Books,2000
21987,Grease: The Original Soundtrack from the Motion Picture,Bob Treutel DDS,Science fiction,Heyday Books,1993
21449,Their Greatest Hits (1971–1975),Zoila Christiansen,Historical fiction,Haynes Manuals,1991
21492,What's Become of Waring,Yuette Parker,Biography/Autobiography,Pen and Sword Books,1985
21334,Raiders of the Lost Ark,Hoyt Jacobson III,Metafiction,Newnes,2004
21882,Super Mario Bros. 2,Irmgard Bogan I,Comic/Graphic Novel,Eel Pie Publishing,1976
21486,Far Cry,Nick Ziemann,Legend,Zondervan,1986
21761,Pokémon: Let's Go Pikachu!,Selena Schroeder,Essay,G. P. Putnam's Sons,2005
21760,Super Smash Bros. Melee,"Edmundo Oberbrunner, Jerry Cormier, Bernard Bayer, Amb. Elia Lebsack",Fiction narrative,Carcanet Press,1990
21774,"The World, the Flesh and the Devil","Jeffery Leuschke PhD, Miss Bok Barrows, Era Hodkiewicz",Fantasy,Applewood Books,1982
21833,Kid Icarus,Pedro Bradtke,Fantasy,Schocken Books,2022
21948,Endless Night,Karisa Kozey,Mythology,University of Minnesota Press,1957
21300,Wolfenstein: The Old Blood,"Kirk Treutel, Klara Runolfsdottir Sr., Lonnie Hilpert",Realistic fiction,Emerald Group Publishing,1976
21297,The Treasure of the Sierra Madre,Brandi Cole,Short story,G-Unit Books,1856
21484,Mirror's Edge,"Antione O'Reilly, Josette Nikolaus DC",Humor,Pavilion Books,1983
21938,Half-Life 2: Episode Two,Richie Gislason,Essay,Ladybird Books,1875
21476,Super Smash Bros. Brawl,Nick Ziemann,Essay,BBC Books,2003
21613,The Pianist,Manuel Murray,Horror,Academic Press,1989
21995,Paper Moon,"Sean Kassulke, Rosann Wolf VM",Short story,Charles Scribner's Sons,1991
21951,Batman: Arkham City,Alina Collier Esq.,Fable,Black Dog Publishing,1994
21956,Portal 2,Kylee Smith,Fanfiction,Addison-Wesley,2005
21843,This Side of Paradise,Richie Gislason,Fairy tale,Koren Publishers Jerusalem,1989
21779,Sonic Unleashed,Ms. Kami Prosacco,Humor,Martinus Nijhoff Publishers,2009
21866,No Highway,Susannah Tremblay DC,Crime/Detective,Tammi,1845
21694,The Best Years of Our Lives,"Raymundo Aufderhar, Lamar Kautzer, Isabelle Boehm",Horror,David & Charles,2009
21840,Gandhi,Carin Christiansen,Narrative nonfiction,NavPress,1976
21980,Come On Over,Robby Powlowski,Fairy tale,Koren Publishers Jerusalem,1994
21458,The Mirror Crack'd from Side to Side,Tabetha Johnston,Realistic fiction,Mapin Publishing,1995
21537,Mario Kart Wii,Sen. Leta Berge,Reference book,Darakwon Press,1843
21852,Butter In a Lordly Dish,Nick Ziemann,Fanfiction,University of Alaska Press,2006
21830,WarioWare: Touched!,Ms. Kami Prosacco,Mythology,Gefen Publishing House,1972
21805,Shall not Perish,Ted Rutherford,Fable,Unknown,1987
21806,Metropolis,Susannah Tremblay DC,Essay,Random House,2019
21968,The Last Enemy,Mohamed Dach,Horror,Pecan Grove Press,2019
21912,Moab Is My Washpot,Matthew Boehm,Mythopoeia,Focal Press,2023
21696,Cool Hand Luke,Msgr. Mohammad Koelpin,Comic/Graphic Novel,Edupedia Publications,2002
21775,Diablo II,"Dennis Heaney, Soledad Hickle, Alina Collier Esq.",Realistic fiction,Penguin Books,2009
21606,Waiting for the Barbarians,Gov. Wally Wintheiser,Biography/Autobiography,University of Michigan Press,1980
21559,Mario Kart DS,"Curtis Rohan, Rocky Erdman",Legend,George H. Doran Company,1882
21753,The Needle's Eye,"Sen. Amber Roberts, Prof. Augustus Konopelski",Classic,Mainstream Publishing,1979
21683,Bad,Lesli Bernier III,Textbook,BBC Books,1959
21534,Bastion,Barb Lynch,Comic/Graphic Novel,Bella Books,2002
21675,The Bourne Ultimatum,Jaleesa Breitenberg DVM,Mythology,Naiad Press,2016
21883,In a Glass Darkly,Rico Zemlak,Reference book,Black Sparrow Books,2009
21977,Things Fall Apart,Kirsten Schaefer,Horror,Happy House,1998
21890,Call of Duty: Modern Warfare 2,Boyce Hoeger,Essay,Belknap Press,1992
21967,Max Payne 3,Elenor Langosh,Fiction in verse,Airiti Press,1984
22038,Precious Bane,Karisa Kozey,Metafiction,University of Alaska Press,1988
21646,TRON,Caroyln Wilderman,Speech,University of Chicago Press,1840
22026,Jesting Pilate,"Mohamed Dach, Clyde Jacobson",Short story,New Holland Publishers,1970
22019,The Legend of Zelda: Twilight Princess,Beverly McDermott,Legend,Manning Publications,1970
21589,Recovery,Miss Ward Farrell,Classic,Atlas Press,2022
21997,Nectar in a Sieve,Jerrold Bogan LLD,Suspense/Thriller,Casemate Publishers,2024
21988,The Great Dictator,Rosalva Beer,Classic,Naiad Press,2014
21416,Faith,Elenor Langosh,Comic/Graphic Novel,Unknown,2023
21575,Command & Conquer: Generals,"Louanne Cruickshank, Lakenya Boyer IV",Essay,Del Rey Books,1975
21850,Mr. Smith Goes to Washington,Verna Skiles,Fantasy,Tachyon Publications,1989
21732,No Country for Old Men,"Blair Casper, Ms. Rodger Hoppe",Realistic fiction,Mandrake Press,2012
21658,Half-Life 2: Episode One,The Hon. Terence Klocko,Reference book,Brill Publishers,2019
21660,Jacob Have I Loved,Ozzie Jast,Tall tale,Charles Scribner's Sons,1986
21695,Alien,Msgr. Marjorie Koepp,Biography/Autobiography,Kessinger Publishing,1874
21906,Clouds of Witness,"Lonnie Hilpert, Klara Runolfsdottir Sr., Kirk Treutel",Fiction narrative,Firebrand Books,2012
21337,Left 4 Dead 2,Cruz Abshire MD,Mystery,Daedalus Publishing,1984
21709,The Painted Veil,Barb Lynch,Short story,T & T Clark,1832
21973,Wii Sports Resort,Quintin O'Kon,Realistic fiction,Reed Elsevier,2012
21390,Dishonored,Miss Jesus Pfannerstill,Short story,Cisco Press,1998
21542,God of War,Zackary Carter,Science fiction,Shambhala Publications,1996
21381,Frozen,Dr. Pat Kunze,Western,Butterworth-Heinemann,1977
21651,The Legend of Zelda: Ocarina of Time,"Adelia Lind, Floyd Cassin III",Fanfiction,Seagull Books,1985
21864,Starcraft II,"Miss Wade Lebsack, Reginia Weissnat",Mystery,SAGE Publications,1995
21621,Noli Me Tangere,Dominique Sipes,Crime/Detective,University of Alaska Press,1978
21915,Batman: Arkham City,Alina Collier Esq.,Fable,Carlton Books,1979
21776,Halo 5: Guardians,"Coy Streich, Keeley Hand, Lela Emard",Horror,Ladybird Books,1988
21624,Edna O'Brien,"Mireya Schroeder, Elmer Parker",Historical fiction,UCL Press,1998
21964,Hitman: Absolution,"Zackary Carter, Nick Ziemann",Fable,J. M. Dent,2000
21565,"Monsters, Inc.","Msgr. Juan Beer, Garth Heidenreich, Lavon Langosh",Crime/Detective,HarperCollins,1996
21442,Doom,Les Rogahn,Suspense/Thriller,Legend Books,2004
21372,Call of Duty: Black Ops III,Anton Moen,Mythopoeia,Candlewick Press,1977
21349,Hearthstone,"Dr. Emmaline Ritchie, Norberto Kohler, Moshe Wilderman",Historical fiction,Carnegie Mellon University Press,1842
21586,Sleeping Dogs,"Zoila Christiansen, Kylee Smith",Mythopoeia,Sams Publishing,0
21772,Wolfenstein 3D,Elvina Nader,Biography/Autobiography,Harcourt Assessment,1983
21720,Tracy Chapman,Miss Jesus Pfannerstill,Fable,Ian Allan Publishing,2017
21822,Command & Conquer 4: Tiberian Twilight,Jaleesa Breitenberg DVM,Folklore,City Lights Publishers,1998
21800,The Sign,Benjamin Mills,Comic/Graphic Novel,HMSO,1898
21512,Ego Dominus Tuus,Kirsten Schaefer,Mythopoeia,Focal Press,1987
21418,Apocalypse Now,"Pedro Bradtke, Beverly McDermott",Fantasy,Broadview Press,2012
21667,Super Mario Bros. 3,"Mohamed Dach, Clyde Jacobson",Legend,Basic Books,2024
21925,Kirby's Dream Land,Carolyn Yost,Fiction narrative,Kodansha,1993
21585,In Death Ground,Garth Marvin,Fantasy,HMSO,1992
22028,Max Payne 2: The Fall of Max Payne,Travis Von,Fable,Penguin Books,1996
21820,God of War,Zackary Carter,Science fiction,Del Rey Books,2003
21872,Pokémon White,"Kirk Treutel, Klara Runolfsdottir Sr.",Tall tale,New Directions Publishing,2023
21599,Antic Hay,Boyce Hoeger,Realistic fiction,Leaf Books,2007
22003,Garry's Mod,Kizzie Purdy,Fiction in verse,Cambridge University Press,2025
21679,Oldboy,Benjamin Mills,Mystery,Blackwell Publishing,2017
22020,An Acceptable Time,Sean Kassulke,Fiction narrative,Black Dog Publishing,2017
21628,Animal Crossing,Marlin Kuvalis,Fantasy,Penguin Books,1987
21815,Cover Her Face,"Yesenia Raynor DDS, Hue Ondricka I, Lewis Boehm",Fable,Zed Books,1989
22000,Mega Man,Albert Lehner Ret.,Comic/Graphic Novel,Marion Boyars Publishers,1981
21477,A Many-Splendoured Thing,Sook Halvorson,Fanfiction,HarperTrophy,1936
21891,Team Fortress Classic,Roman Koss,Humor,Zed Books,1995
21639,Pokémon Yellow,Timmy Corwin,Realistic fiction,Carnegie Mellon University Press,1894
21380,Mario Kart 8,Garth Marvin,Fable,HarperPrism,1991
21649,The Maltese Falcon,Anton Moen,Fairy tale,John Blake Publishing,1850
22041,The Legend of Zelda: Majora's Mask,"Adelia Lind, Floyd Cassin III",Western,Casemate Publishers,1985
21702,Indiana Jones and the Last Crusade,Mrs. Jessie Brekke,Science fiction,Blackwell Publishing,2024
21569,The Parliament of Man,Miss Wade Lebsack,Fiction in verse,Hay House,2021
21777,The Golden Apples of the Sun,Jeffry Nolan Ret.,Essay,Cloverdale Corporation,1994
21535,25,Benjamin Mills,Fantasy,Pathfinder Press,1994
21844,Batman Begins,"Louanne Cruickshank, Lakenya Boyer IV",Narrative nonfiction,Shire Books,2004
22043,Fame Is the Spur,Fr. Dick Spinka,Fantasy,Bantam Books,2015
21490,Taming a Sea Horse,"Kevin Mayer, Kimberely Kutch, Darius Mohr",Horror,Ian Allan Publishing,2004
21417,Super Mario Odyssey,Matthew Turner,Legend,Andrews McMeel Publishing,1986
21619,Myst,Sonny Bogan,Fanfiction,David & Charles,2014
21324,I Dreamed a Dream,Hortencia Wunsch,Fantasy,Kodansha,1993
21588,Double Indemnity,Marlin Kuvalis,Tall tale,Casemate Publishers,1903
21533,Half-Life: Blue Shift,Garth Marvin,Fiction in verse,Salt Publishing,1876
21897,Time To Murder And Create,Hortencia Wunsch,Mystery,Lethe Press,2009
21336,Gone Girl,Jimmie Harvey,Narrative nonfiction,Harvard University Press,1985
21742,Mad Max: Fury Road,Jimmie Harvey,Speech,Kessinger Publishing,2003
21851,Half-Life,"Moshe Wilderman, Dr. Emmaline Ritchie, Norberto Kohler",Narrative nonfiction,Open University Press,2023
21554,Super Mario Galaxy,Ozzie Jast,Science fiction,Mainstream Publishing,2013
21532,Command & Conquer: Red Alert,Tabetha Johnston,Realistic fiction,Left Book Club,2002
21792,Look to Windward,Bennett Raynor,Speech,Shire Books,1983
21848,Garry's Mod,Kizzie Purdy,Fiction in verse,Zed Books,2015
21838,The Daffodil Sky,"Hal Nitzsche, Damian Gulgowski",Crime/Detective,Open Court Publishing Company,1852
21360,A Clockwork Orange,"Laureen Herzog, Rep. Bridgett Rosenbaum, Richie Gislason, Charlsie Cummerata",Fiction narrative,Broadview Press,2022
21810,Beyond the Mexique Bay,"Reginia Weissnat, Miss Wade Lebsack",Classic,Golden Cockerel Press,1964
22023,Pokémon Silver,Cristin Deckow III,Fantasy,Palgrave Macmillan,2023
21497,Jaws,"Sen. Amber Roberts, Prof. Augustus Konopelski",Textbook,Broadview Press,2006
21601,Dog Day Afternoon,Laronda Kuhn,Essay,Hackett Publishing Company,1987
21870,The Bridge on the River Kwai,Cordell Ritchie,Realistic fiction,Flame Tree Publishing,2009
21741,Fire Emblem Awakening,"Rep. Bridgett Rosenbaum, Charlsie Cummerata, Laureen Herzog, Richie Gislason",Historical fiction,Karadi Tales,2008
21867,Garry's Mod,Kizzie Purdy,Fiction in verse,Reed Publishing,2022
21637,Pokémon Emerald,Travis Von,Humor,Open University Press,1977
22031,Let Us Now Praise Famous Men,Sook Halvorson,Speech,Bowes & Bowes,1980
21428,Groundhog Day,"Norberto Kohler, Moshe Wilderman",Mythopoeia,Elsevier,1996
21419,Ice Climbers,"Raymundo Aufderhar, Lamar Kautzer, Isabelle Boehm",Crime/Detective,Book League of America,1976
21766,The Little Foxes,Irmgard Bogan I,Crime/Detective,Gefen Publishing House,1992
21539,Finding Nemo,Angel Kuhic,Narrative nonfiction,Secker & Warburg,1990
21467,The Woman in Me,"Veronique Carter, Anton Toy",Historical fiction,Cisco Press,2018
21521,Wolfenstein: The New Order,Rosalva Beer,Western,Adis International,1832
21821,Now Sleeps the Crimson Petal,Bobbie Bernier,Speech,Marion Boyars Publishers,2010
21392,Taxi Driver,Zoila Christiansen,Fairy tale,Booktrope,2019
22046,Half-Life 2,Fr. Dick Spinka,Historical fiction,Unknown,1987
21614,Sleep the Brave,Donovan Bins,Western,Hay House,1995
21647,Rocky,Benjamin Mills,Mystery,McGraw-Hill Education,1980
21752,Pokémon SoulSilver,Reginia Weissnat,Metafiction,Carnegie Mellon University Press,1993
21546,Mega Man Battle Network,Ms. Kami Prosacco,Biography/Autobiography,Unfinished Monument Press,2004
21470,Jagged Little Pill,Teresia Fisher,Science fiction,Voyager Books,1986
21629,In the Name of the Father,Barb Lynch,Tall tale,Lethe Press,2003
21514,Half-Life 2: Episode Two,Richie Gislason,Essay,Anova Books,1866
21873,Desperados: Wanted Dead or Alive,Pres. Shana Block,Fiction narrative,Reed Publishing,1978
21687,Stalker,Sook Halvorson,Short story,Tate Publishing & Enterprises,1976
21332,The Lathe of Heaven,Rosalva Beer,Fantasy,Voyager Books,2003
21860,Supernatural,"Mitch Gusikowski, Kirsten Schaefer",Fable,Carcanet Press,2023
21672,Life of Brian,"Cornell Murazik, Mr. Terrell Sawayn",Fairy tale,Gefen Publishing House,1989
21828,BioShock Infinite,Cristin Deckow III,Metafiction,McGraw-Hill Education,1989
21422,Kirby's Adventure,Felicita White DO,Narrative nonfiction,Golden Cockerel Press,1995
21908,Call of Duty: Modern Warfare Remastered,Johnny Russel,Speech,Ballantine Books,2009
21939,Left 4 Dead 2,Cruz Abshire MD,Mystery,Vintage Books,2002
21598,Metroid Prime 2: Echoes,Wendell Zboncak,Comic/Graphic Novel,"Farrar, Straus & Giroux",1877
22051,Call of Duty: Black Ops 4,Sanjuana Bernier,Science fiction,Andrews McMeel Publishing,1977
21593,The Mermaids Singing,Allan Dickinson,Fairy tale,Churchill Livingstone,2006
21756,Tapestry,Timothy Murazik,Mythopoeia,André Deutsch,1999
22048,Dookie,Cordell Ritchie,Realistic fiction,Imperial War Museum,2004
21401,Shadow of the Colossus,Timothy Murazik,Mystery,Marshall Pickering,2021
21550,All the King's Men,Shanelle Upton,Mystery,Unfinished Monument Press,2010
21596,The Colour of My Love,Brandi Cole,Horror,FabJob,2009
21604,F-Zero,Myrtis Corwin,Realistic fiction,HMSO,2008
21436,Endless Night,Karisa Kozey,Mythology,New English Library,1977
21874,Frequent Hearses,Dr. Deb Kemmer,Essay,Anova Books,1982
21784,Witness for the Prosecution,Hoyt Jacobson III,Fiction narrative,Shuter & Shooter Publishers,1988
21809,Pong,"Jae Bogisich, Lonnie Hilpert",Speech,Etruscan Press,1984
21541,Like a Virgin,Beverly McDermott,Mystery,Blackie and Son Limited,2017
21443,Pulp Fiction,"Lonnie Hilpert, Jae Bogisich",Historical fiction,Gaspereau Press,1984
21685,A Passage to India,Prof. Remedios Powlowski,Textbook,Harlequin Enterprises Ltd,1985
21630,"Look Homeward, Angel","Jeffery Leuschke PhD, Frederick Klocko CPA, Miss Bok Barrows, Era Hodkiewicz",Comic/Graphic Novel,Shambhala Publications,1979
21926,Pokémon Shield,Lonnie Hilpert,Mythology,Naiad Press,1990
21382,Metallica,Farah Rohan II,Mystery,Firebrand Books,1934
21905,Off the Wall,Cordell Ritchie,Legend,University of Michigan Press,2002
21311,Halo 3: ODST,"Dominque Fisher, Leigh Bednar",Fairy tale,St. Martin's Press,1991
21491,The Golden Apples of the Sun,Jeffry Nolan Ret.,Essay,Firebrand Books,1984
21735,Some Like It Hot,"Kylee Smith, Zoila Christiansen",Mystery,Left Book Club,2017
21933,O Jerusalem!,Johnny Russel,Classic,Unknown,2014
21587,Command & Conquer: Generals,"Louanne Cruickshank, Lakenya Boyer IV",Essay,Carnegie Mellon University Press,1956
21454,WALL·E,Mohamed Dach,Realistic fiction,Daedalus Publishing,2018
22056,Seven Samurai,Jaleesa Breitenberg DVM,Realistic fiction,Paulist Press,1987
21917,The Bodyguard,Dr. Pat Kunze,Fantasy,Legend Books,2004
21493,Full Metal Jacket,"Curtis Rohan, Rocky Erdman",Mythopoeia,Harper & Brothers,2001
21961,Let's Talk About Love,The Hon. Terence Klocko,Science fiction,Penguin Books,1998
21743,Born in the U.S.A.,Rep. Vern Turcotte,Comic/Graphic Novel,Vintage Books,2020
21574,Hysteria,"Lamar Kautzer, Isabelle Boehm, Raymundo Aufderhar",Suspense/Thriller,Tarpaulin Sky Press,1976
21456,Puyo Puyo Tetris,Latrina Kuphal,Humor,Bowes & Bowes,2023
21680,Pokémon Y,"Mitch Gusikowski, Dylan Upton, Fredda Brekke, Vernice Emard",Science fiction,Boydell & Brewer,1978
21704,The Green Bay Tree,Lakenya Boyer IV,Folklore,Atheneum Publishers,1976
21517,Tiger! Tiger!,"Anton Toy, Veronique Carter",Reference book,Athabasca University Press,2024
21373,Halo 3,Shelby Willms IV,Tall tale,Mainstream Publishing,1976
21472,Ricochet,Zoila Christiansen,Speech,City Lights Publishers,1988
21941,Hybrid Theory,"Tomasa Kozey, The Hon. Kylee Rempel",Fable,J. M. Dent,2021
21560,Super Smash Bros. Ultimate,Korey Rice V,Speech,University of California Press,1994
21816,O Pioneers!,Myrl Miller,Mythopoeia,Ziff Davis Media,0
21856,The Violent Bear It Away,"Alphonso Gulgowski, Mercedez Welch",Short story,Pecan Grove Press,1989
21654,Modern Times,Frederick Klocko CPA,Science fiction,Addison-Wesley,2022
21715,A Confederacy of Dunces,Zachary Ryan,Metafiction,Bellevue Literary Press,2024
21837,A Monstrous Regiment of Women,"Lavon Langosh, Msgr. Juan Beer, Garth Heidenreich",Reference book,HarperCollins,2013
22029,1,Rosann Wolf VM,Short story,Gay Men's Press,2023
21498,Chinatown,"Dominque Fisher, Leigh Bednar",Comic/Graphic Novel,Nauka,1997
21523,The Wives of Bath,Jeffry Nolan Ret.,Metafiction,Carlton Publishing Group,1985
21886,Unweaving the Rainbow,Reid Rice,Classic,Apress,2012
21807,Dying of the Light,Johnny Russel,Science fiction,Apress,2008
21819,Deus Ex,"Kylee Smith, Zoila Christiansen",Metafiction,Libertas Academica,2025
21387,The Marshall Mathers LP,Rossana Cruickshank,Horror,Allen Ltd,1965
21316,Commandos 3: Destination Berlin,Terrance Schneider,Narrative nonfiction,Pen and Sword Books,2024
21765,The Great Escape,Maura Kuvalis DC,Fiction narrative,Blackie and Son Limited,1996
21310,Gold: Greatest Hits,Jimmie Harvey,Essay,Horizon Scientific Press,1998
21434,PlayerUnknown's Battlegrounds,Jeffry Nolan Ret.,Comic/Graphic Novel,Ellora's Cave,1981
22008,"Ah, Wilderness!",Gov. Crystle Klocko,Narrative nonfiction,Carlton Books,2024
21746,Pokémon Crystal,"Haley Nader, Shanta Price",Narrative nonfiction,Pen and Sword Books,1977
21978,Dial M for Murder,"Alphonso Gulgowski, Mercedez Welch, Josette Nikolaus DC",Classic,Packt Publishing,2004
21312,Command & Conquer: Tiberium Alliances,Casey Bode,Fanfiction,Salt Publishing,1980
21584,Se7en,Gov. Crystle Klocko,Crime/Detective,Martinus Nijhoff Publishers,1976
22015,Tirra Lirra by the River,Sean Harvey III,Humor,Eerdmans Publishing,2003
21678,Desperados III,Pres. Ariel Runte,Mythopoeia,Martinus Nijhoff Publishers,2014
21638,From Here to Eternity,Teresia Fisher,Mythology,Edupedia Publications,1999
21370,For a Breath I Tarry,Prof. Remedios Powlowski,Mystery,Unknown,1996
21607,Life Is Beautiful,"Antione O'Reilly, Josette Nikolaus DC",Fantasy,Oberon Books,1978
21989,Eyeless in Gaza,Valery Schimmel,Crime/Detective,Pavilion Books,2023
21782,"Such, Such Were the Joys",Korey Rice V,Legend,Lion Hudson,2007
21716,Let Us Now Praise Famous Men,Sook Halvorson,Speech,Cambridge University Press,1970
21307,Bayonetta 2,Floyd Cassin III,Horror,Bloodaxe Books,2003
21404,Pokémon Pearl,Julia Bartoletti,Realistic fiction,Adis International,1990
21333,12 Years a Slave,"Jon Hettinger DVM, Randal McCullough, Benedict Steuber",Fiction in verse,Carcanet Press,1976
21315,That Good Night,"Korey Rice V, Rico Zemlak",Mythology,NavPress,1985
21366,The Godfather: Part II,Miss Wade Lebsack,Suspense/Thriller,Hawthorne Books,1998
22040,Everything is Illuminated,Alec Ziemann,Folklore,Charles Scribner's Sons,2002
21717,The Stars' Tennis Balls,Antonio Lindgren,Classic,Naiad Press,1852
21880,Castle Crashers,Prof. Remedios Powlowski,Fiction narrative,Kodansha,2006
21367,Platoon,Ms. Kami Prosacco,Tall tale,Black Dog Publishing,1991
21751,F-Zero,Myrtis Corwin,Realistic fiction,Chronicle Books,2010
21515,A Darkling Plain,"Delois Koss, Catrina Roob PhD, Sid Oberbrunner",Legend,Ballantine Books,2010
21791,Star Wars: Episode I – The Phantom Menace,Carroll Schultz,Science fiction,Harper & Brothers,2008
21318,Infamous,Reuben Mayert,Fairy tale,Chambers Harrap,2015
21430,True Blue,"Amb. Elia Lebsack, Edmundo Oberbrunner, Bernard Bayer",Fanfiction,Bantam Books,2018
22011,Halo 5: Guardians,"Coy Streich, Keeley Hand, Lela Emard",Horror,D. Appleton & Company,1979
21907,The Eminem Show,Mrs. Jessie Brekke,Tall tale,Harvill Press at Random House,1983
21594,Down to a Sunless Sea,Rico Zemlak,Reference book,Adis International,2024
21768,The Joshua Tree,Pres. Donya West,Legend,Penguin Books,2021
21603,Amadeus,Beatris Upton,Tall tale,Sidgwick & Jackson,1979
21350,Mass Effect,Sanjuana Bernier,Historical fiction,Reed Publishing,1978
21400,The Soldier's Art,Pres. Shana Block,Fable,Leaf Books,1980
21786,Donnie Darko,Quintin O'Kon,Horror,Pantheon Books at Random House,1998
21652,To a God Unknown,"Amb. Elia Lebsack, Bernard Bayer, Jerry Cormier, Edmundo Oberbrunner",Legend,Left Book Club,1986
21853,The Dark Knight,"Rico Zemlak, Korey Rice V",Western,Bowes & Bowes,1980
21426,Endless Night,Karisa Kozey,Mythology,Gefen Publishing House,1982
21657,Doom II,"Randal McCullough, Jon Hettinger DVM, Benedict Steuber",Horror,Secker & Warburg,2005
21682,Saving Private Ryan,"Mohamed Dach, Clyde Jacobson",Folklore,Pecan Grove Press,2008
21937,The Terminator,"Soledad Hickle, Dennis Heaney",Legend,Cambridge University Press,1999
21686,Super Mario Galaxy 2,Elenor Langosh,Historical fiction,Lion Hudson,2005
21355,Diablo III,"Miss Bok Barrows, Jeffery Leuschke PhD, Era Hodkiewicz, Frederick Klocko CPA",Short story,Legend Books,1863
21413,Nuovo Cinema Paradiso,"Dr. Emmaline Ritchie, Moshe Wilderman, Norberto Kohler",Horror,Naiad Press,2006
21691,I Know Why the Caged Bird Sings,Gov. Crystle Klocko,Classic,Mandrake of Oxford,1992
21727,Mirror's Edge,"Antione O'Reilly, Josette Nikolaus DC",Humor,Butterworth-Heinemann,2004
21341,The Princess Bride,Jermaine Wehner,Comic/Graphic Novel,Open Court Publishing Company,1997
21857,Star Wars: Episode II – Attack of the Clones,Ria Senger,Mythopoeia,Borgo Press,2020
22044,Toy Story,Julia Bartoletti,Fairy tale,Jarrolds Publishing,1990
21944,Persona,"Sean Harvey III, Glenna Huel, Enrique Gislason",Fantasy,BBC Books,1992
21431,Nine Coaches Waiting,Susannah Tremblay DC,Speech,Voyager Books,1938
21612,Bayonetta,Mitch Gusikowski,Fiction narrative,Booktrope,1878
21731,Firewatch,"Glenna Huel, Enrique Gislason",Historical fiction,Candlewick Press,2026
21971,Sunset Blvd.,"Alina Collier Esq., Kevin Mayer, Kimberely Kutch, Darius Mohr",Mystery,Carcanet Press,2014
21946,Pokémon Ultra Sun,Wendell Zboncak,Mythology,Jaico Publishing House,1982
21331,The Prestige,Amos Romaguera Jr.,Reference book,D. Appleton & Company,1991
21888,The Dark Knight Rises,Alina Collier Esq.,Narrative nonfiction,HarperCollins,1976
21689,Scarface,Angel Kuhic,Classic,Bantam Books,1994
21600,Specimen Days,Donovan Bins,Suspense/Thriller,Packt Publishing,1988
21552,A Time to Kill,"Rep. Bridgett Rosenbaum, Laureen Herzog, Charlsie Cummerata",Classic,Pecan Grove Press,1990
21563,Recalled to Life,Rossana Cruickshank,Fiction narrative,Harvest House,2012
21566,The Lord of the Rings: The Two Towers,Carolyn Yost,Mystery,Mainstream Publishing,1900
21354,To Your Scattered Bodies Go,Abigail Reynolds,Biography/Autobiography,Basic Books,1978
21440,Sholay,Miss Jesus Pfannerstill,Western,Unknown,1852
21712,Saving Private Ryan,"Mohamed Dach, Clyde Jacobson",Folklore,Gefen Publishing House,2014
22018,Of Mice and Men,Rosalva Beer,Crime/Detective,Victor Gollancz Ltd,1998
21935,Gandhi,Carin Christiansen,Narrative nonfiction,Caister Academic Press,1956
21942,The Wealth of Nations,Myrtis Corwin,Essay,Hackett Publishing Company,2015
21397,A Handful of Dust,"Rosann Wolf VM, Sean Kassulke",Fairy tale,D. Reidel,1979
21790,The Help,Kizzie Purdy,Crime/Detective,Caister Academic Press,2017
21847,High School Musical,Robby Powlowski,Folklore,Daedalus Publishing,1995
21642,The Other Side of Silence,Elvina Nader,Comic/Graphic Novel,Harvard University Press,1985
21489,Good Will Hunting,Chara Morissette,Realistic fiction,Mapin Publishing,1987
21787,Lemonade,"Glenna Huel, Enrique Gislason",Fiction narrative,Shambhala Publications,2020
21455,East of Eden,Farah Rohan II,Mythopoeia,Berkley Books,2002
21365,The Golden Apples of the Sun,Jeffry Nolan Ret.,Essay,Blue Ribbon Books,1988
22021,Room,"Damian Gulgowski, Hal Nitzsche",Realistic fiction,Taylor & Francis,2015
21794,Judgment at Nuremberg,"Jeffery Leuschke PhD, Miss Bok Barrows, Frederick Klocko CPA, Era Hodkiewicz",Reference book,Voyager Books,2001
21450,Braveheart,Candis Ledner Sr.,Horror,Darakwon Press,2020
21475,The Moving Toyshop,Rep. Vern Turcotte,Historical fiction,Manning Publications,1952
21985,Death Be Not Proud,"Anton Toy, Veronique Carter",Metafiction,Imperial War Museum,1996
21722,"Lock, Stock and Two Smoking Barrels",Prof. Remedios Powlowski,Fable,Kodansha,2019
21673,Interstellar,Elias O'Kon,Fairy tale,Basic Books,2002
21635,Commandos: Behind Enemy Lines,Hortencia Wunsch,Comic/Graphic Novel,Fearless Books,2001
21371,Pokémon LeafGreen,"Tamika Hayes, Julius Barrows",Folklore,Oberon Books,1945
21429,Happy Nation,Karisa Kozey,Fable,HarperTrophy,1997
21408,The Third Man,Rosann Wolf VM,Speech,Pen and Sword Books,2005
21922,Blithe Spirit,Prof. Augustus Konopelski,Classic,Paulist Press,2016
21930,City Lights,Sen. Geri Mann,Fantasy,New Village Press,2003
21991,Terminator 2: Judgment Day,Kasey Effertz,Fanfiction,Cengage Learning,2017
22027,The Daffodil Sky,"Hal Nitzsche, Damian Gulgowski",Crime/Detective,FabJob,1840
21711,High School Musical 2,Mr. Dominque Becker,Comic/Graphic Novel,Airiti Press,1990
21576,Metal Gear Solid,Lakesha McCullough,Metafiction,Adis International,2017
21402,The Grapes of Wrath,Les Rogahn,Mythology,Harper & Brothers,2020
21524,Viva la Vida or Death and All His Friends,"Keeley Hand, Lela Emard, Coy Streich",Realistic fiction,Oberon Books,2005
21557,Transistor,"Josette Nikolaus DC, Antione O'Reilly",Mythology,Chambers Harrap,1985
21433,Halo Wars,Odell Willms,Mythopoeia,Ten Speed Press,1990
21309,Beauty and the Beast,Sue Stark,Textbook,Atlas Press,1976
21444,Battletoads,Fletcher Upton,Tall tale,Broadview Press,1989
21750,Desperados 2: Cooper's Revenge,"Sean Kassulke, Lawrence Hauck",Crime/Detective,Ian Allan Publishing,2014
21641,(What's the Story) Morning Glory?,Rep. Vern Turcotte,Short story,Daedalus Publishing,2020
21453,"Such, Such Were the Joys",Korey Rice V,Legend,Ace Books,1996
21671,After Many a Summer Dies the Swan,Susannah Tremblay DC,Reference book,Gefen Publishing House,1998
21325,Lilies of the Field,Lesli Bernier III,Metafiction,Etruscan Press,1978
21923,For Whom the Bell Tolls,"Floyd Cassin III, Adelia Lind",Horror,Hackett Publishing Company,2010
21525,Behold the Man,Myrtis Corwin,Short story,Hachette Book Group USA,2026
21427,Nectar in a Sieve,Jerrold Bogan LLD,Suspense/Thriller,Brimstone Press,2015
21854,All Passion Spent,Caroyln Wilderman,Suspense/Thriller,SAGE Publications,1990
21966,The Moving Toyshop,Rep. Vern Turcotte,Historical fiction,D. Appleton & Company,1971
21919,Raging Bull,Albert Lehner Ret.,Fairy tale,Mainstream Publishing,2016
21468,The Daffodil Sky,"Hal Nitzsche, Damian Gulgowski",Crime/Detective,Liberty Fund,1844
21999,God of War,Zackary Carter,Science fiction,Tate Publishing & Enterprises,2000
21313,Super Meat Boy,Carin Christiansen,Crime/Detective,McGraw-Hill Education,2013
21448,Monty Python and the Holy Grail,Ozzie Jast,Fable,Hachette Book Group USA,2009
21884,There Will Be Blood,Angel Kuhic,Fantasy,Kodansha,2024
21929,Super Mario Bros. 3,"Mohamed Dach, Clyde Jacobson",Legend,Fairview Press,2016
21339,The Legend of Zelda: Breath of the Wild,Sen. Leta Berge,Biography/Autobiography,Fairview Press,2024
21362,...Baby One More Time,Shanelle Upton,Fiction in verse,Brill Publishers,2009
22009,Bury My Heart at Wounded Knee,"Roland Murray, Selena Schroeder",Fanfiction,Firebrand Books,2012
21798,Pokémon X,Reginia Weissnat,Textbook,Unfinished Monument Press,2018
21749,Metroid Prime,Mellie Williamson,Mythopoeia,Unfinished Monument Press,1977
21737,"HIStory: Past, Present and Future, Book I",Mrs. Jessie Brekke,Mythopoeia,Emerald Group Publishing,2013
21562,Fortnite,"Norberto Kohler, Moshe Wilderman",Metafiction,Taylor & Francis,1983
21424,By Grand Central Station I Sat Down and Wept,"Jeffery Leuschke PhD, Miss Bok Barrows, Era Hodkiewicz",Mythology,Packt Publishing,2001
21504,Rumours,Elliot Monahan,Science fiction,Mandrake Press,2000
21405,La La Land,Jermaine Wehner,Fanfiction,Lion Hudson,2015
21410,Of Human Bondage,Earnest Glover,Textbook,University of California Press,1993
21703,All We Know Is Falling,Albert Lehner Ret.,Folklore,Hodder Headline,1983
21627,Command & Conquer: Generals,"Louanne Cruickshank, Lakenya Boyer IV",Essay,Bloodaxe Books,1978
21701,The Witcher 3: Wild Hunt,Marlon Casper,Mythopoeia,Harvest House,2013
21887,How to Train Your Dragon,"Renee Rogahn, Merrill Marks",Narrative nonfiction,University of Akron Press,2003
21663,Frequent Hearses,Dr. Deb Kemmer,Essay,Adis International,1984
21719,Into the Wild,Salvatore Mills,Speech,Legend Books,2003
21330,As I Lay Dying,Sean Harvey III,Fanfiction,Signet Books,2006
21979,A Swiftly Tilting Planet,Lonnie Hilpert,Fanfiction,Signet Books,1977
21391,Portal,Josue Grady,Metafiction,Focal Press,2012
21769,Team Fortress Classic,Roman Koss,Humor,Breslov Research Institute,2017
21945,The Monkey's Raincoat,Zachary Ryan,Tall tale,Charles Scribner's Sons,2018
21762,Cabbages and Kings,"Joseph Raynor, Ja Ankunding II, Franklyn Stokes VM",Fiction narrative,Secker & Warburg,2024
21889,Diablo,Cristin Deckow III,Science fiction,Blackstaff Press,1986
21670,The Legend of Zelda: Skyward Sword,"Klara Runolfsdottir Sr., Kirk Treutel",Historical fiction,Hawthorne Books,2019
21928,Brothers in Arms,Fletcher Upton,Science fiction,Borgo Press,2005
21438,Seven Samurai,Jaleesa Breitenberg DVM,Realistic fiction,Atlas Press,2008
21335,The General,"Msgr. Mohammed Buckridge, Lilla Gislason DC, Catarina Gleason",Science fiction,City Lights Publishers,2014
21389,Confessions,Timothy Murazik,Science fiction,Left Book Club,1996
21698,"Paris, Texas",Sen. Geri Mann,Mythopoeia,Mark Batty Publisher,2007
21823,The Grand Budapest Hotel,"Era Hodkiewicz, Miss Bok Barrows, Jeffery Leuschke PhD",Fable,Allen Ltd,1985
21409,Great Work of Time,Laronda Kuhn,Crime/Detective,HarperPrism,2012
21962,Command & Conquer: Red Alert 2 - Yuris Revenge,Kylee Smith,Fiction narrative,Pavilion Books,1997
21705,Unforgiven,Kizzie Purdy,Mystery,Ladybird Books,2001
21811,Day of Defeat,"Louanne Cruickshank, Lakenya Boyer IV",Fable,Tarpaulin Sky Press,2015
21724,The Doors of Perception,Amos Romaguera Jr.,Horror,Etruscan Press,2012
21590,No Jacket Required,Kristeen Kessler CPA,Fiction in verse,Libertas Academica,2002
21544,Luigi's Mansion,Ria Senger,Legend,George Routledge & Sons,1999
21478,The Moon by Night,"Frederick Klocko CPA, Era Hodkiewicz, Jeffery Leuschke PhD, Miss Bok Barrows",Historical fiction,Unfinished Monument Press,2000
21804,Vampire: The Masquerade – Bloodlines,Frederick Klocko CPA,Essay,Candlewick Press,1986
21829,Sunrise: A Song of Two Humans,"Darius Mohr, Miss Jesus Pfannerstill, Kevin Mayer, Kimberely Kutch",Horror,Andrews McMeel Publishing,1989
21479,In Death Ground,Garth Marvin,Fantasy,Dalkey Archive Press,1977
21473,A Beautiful Mind,"Kevin Mayer, Kimberely Kutch, Darius Mohr",Science fiction,Bison Books,2006
21661,Grave of the Fireflies,"Guadalupe Batz Ret., Malorie Glover, Paula Rolfson",Reference book,Harvard University Press,2010
21911,Many Waters,Brandi Cole,Fable,Chambers Harrap,1966
21304,Brothers in Arms,Fletcher Upton,Science fiction,Library of America,2002
21932,Toy Story 2,Jeffry Nolan Ret.,Comic/Graphic Novel,Eel Pie Publishing,2012
21960,Dungeon Keeper,Les Rogahn,Mythopoeia,Blackie and Son Limited,1970
21547,Paths of Glory,Donovan Bins,Mythopoeia,Bloomsbury Publishing Plc,-1
21718,Lemonade,"Glenna Huel, Enrique Gislason",Fiction narrative,Dalkey Archive Press,2018
21839,"The Good, the Bad and the Ugly",Tory Dare V,Textbook,Academic Press,1856
21713,Fargo,"Mohamed Dach, Clyde Jacobson",Biography/Autobiography,Bantam Books,2020
21878,Midnight Memories,The Hon. Kylee Rempel,Speech,Elsevier,2003
21729,Once Upon a Time in the West,Edith Barrows,Suspense/Thriller,Shire Books,1989
21356,An Instant In The Wind,Kristeen Kessler CPA,Short story,Tarpaulin Sky Press,2022
21363,Songs About Jane,Jermaine Wehner,Mystery,Hay House,1995
21558,Halo 3: ODST,"Dominque Fisher, Leigh Bednar",Fairy tale,Ten Speed Press,2019
21896,Half-Life 2: Lost Coast,Albert Lehner Ret.,Science fiction,Earthscan,1984
21626,The Witcher 2: Assassins of Kings,Joe Schultz,Legend,Zed Books,1979
21394,It Happened One Night,Cruz Abshire MD,Mystery,DAW Books,1982
21970,Prisoners,Yuette Parker,Fiction narrative,Scholastic Press,2009
21496,Before Sunrise,Boris Schowalter CPA,Mythopoeia,Hackett Publishing Company,1981
21620,The Apartment,Lonnie Hilpert,Historical fiction,Horizon Scientific Press,2009
21736,F.E.A.R.,Kylee Smith,Biography/Autobiography,Atlas Press,1992
21480,Nine Coaches Waiting,Susannah Tremblay DC,Speech,Black Dog Publishing,1957
21329,WarioWare: Smooth Moves,Sean Harvey III,Fiction in verse,Verso Books,1951
21555,The Moving Finger,"Alysa Pouros Esq., Amb. Amberly Beatty",Fiction narrative,Harper & Brothers,2015
21499,Crash Bandicoot,Allan Dickinson,Fairy tale,David & Charles,2005
21308,Animal Crossing: City Folk,Sonny Bogan,Fable,Parragon,2000
21900,Star Wars: Episode III – Revenge of the Sith,Dr. Emmaline Ritchie,Folklore,Black Sparrow Books,2025
21592,Pokémon Red,Alysa Pouros Esq.,Speech,Blackstaff Press,1999
21706,The Road Less Traveled,"Clyde Jacobson, Jerald Raynor",Crime/Detective,Harlequin Enterprises Ltd,2017
21849,Dance Dance Dance,Yuette Parker,Legend,Breslov Research Institute,1837
21754,When the Green Woods Laugh,Beatris Upton,Humor,ECW Press,2001
21836,Thriller,Benjamin Mills,Comic/Graphic Novel,HarperCollins,2025
21748,Abbey Road,Amos Romaguera Jr.,Fiction in verse,Barrie & Jenkins,1995
21909,The Dark Side of the Moon,"Beverly McDermott, Pedro Bradtke",Tall tale,Virago Press,1995
21645,Hands All Over,Travis Von,Fantasy,Harvest House,2018
21561,Eternal Sunshine of the Spotless Mind,"Catarina Gleason, Lilla Gislason DC, Msgr. Mohammed Buckridge",Biography/Autobiography,Liberty Fund,1859
21708,Infinite Jest,Lawrence Hauck,Reference book,Chatto and Windus,1987
21954,The Big Lebowski,Ted Rutherford,Fable,Unknown,1977
21505,Monster Hunter: World,Sook Halvorson,Historical fiction,Ten Speed Press,2018
21466,Saturday Night Fever,Frederick Klocko CPA,Metafiction,Allen Ltd,1870
21344,The Marshall Mathers LP,Rossana Cruickshank,Horror,Koren Publishers Jerusalem,1978
21527,Brandy of the Damned,Amb. Amberly Beatty,Comic/Graphic Novel,Tartarus Press,2014
21892,The Last Temptation,"Vernice Emard, Dylan Upton, Fredda Brekke",Biography/Autobiography,Da Capo Press,1996
21506,Vile Bodies,Bobbie Bernier,Essay,Vintage Books,1978
21976,Hacksaw Ridge,Rico Zemlak,Comic/Graphic Novel,Bantam Books,2009
21710,Catch Me If You Can,Ms. Kami Prosacco,Fable,Random House,2002
22025,The Lord of the Rings: The Return of the King,"Joseph Raynor, Ja Ankunding II",Realistic fiction,Allen Ltd,2019
21305,Intouchables,Jae Bogisich,Speech,New Village Press,2024
21609,The Kid,"Julius Barrows, Tamika Hayes",Mythopoeia,Unknown,1987
21540,Bridge over Troubled Water,"Kimberely Kutch, Darius Mohr, Kevin Mayer, Alina Collier Esq.",Science fiction,Belknap Press,2016
21863,Lawrence of Arabia,"Elmer Parker, Mireya Schroeder",Folklore,Unknown,2023
21602,Banjo-Kazooie: Nuts & Bolts,Pres. Donya West,Textbook,Seagull Books,1838
21510,Mother Night,Jaleesa Breitenberg DVM,Mythopoeia,HarperPrism,2017
21591,No Longer at Ease,Rev. Alix Langworth,Classic,Palgrave Macmillan,1995
21835,Mass Effect 3,Johnny Russel,Metafiction,Hackett Publishing Company,2006
21582,Have His Carcase,Marlin Kuvalis,Mythopoeia,Andrews McMeel Publishing,1993
21358,Max Payne,Boris Schowalter CPA,Mystery,G. P. Putnam's Sons,1976
21879,"Absalom, Absalom!",Lawrence Hauck,Classic,Ballantine Books,1997
21518,Star Wars: Episode V - The Empire Strikes Back,Sook Halvorson,Mythopoeia,Earthscan,1997
21494,Pokémon White 2,Antonio Lindgren,Fiction narrative,Broadview Press,2016
21461,Little Hands Clapping,"Beverly McDermott, Pedro Bradtke",Historical fiction,Edupedia Publications,2002
21797,Just Cause,Msgr. Leslie McClure,Essay,Marion Boyars Publishers,1977
22007,Civilization IV,Ambrose Ankunding,Legend,Flame Tree Publishing,1980
21516,"Such, Such Were the Joys",Korey Rice V,Legend,Liberty Fund,2011
21368,The Proper Study,Sen. Geri Mann,Speech,Mark Batty Publisher,1998
21393,Minecraft,"Keeley Hand, Lela Emard, Coy Streich",Legend,Gefen Publishing House,1997
21634,Commandos 2: Men of Courage,Terrance Schneider,Humor,Harper & Row,1989
21725,Breakfast in America,Albert Lehner Ret.,Biography/Autobiography,Packt Publishing,0
21323,Pokémon Platinum,Sean Kassulke,Metafiction,Blackwell Publishing,2018
22022,The Needle's Eye,"Sen. Amber Roberts, Prof. Augustus Konopelski",Classic,Carlton Books,1980
21740,Metroid Prime 3: Corruption,Susannah Tremblay DC,Speech,Focal Press,1995
21615,Crysis 2,Kristeen Kessler CPA,Mythology,André Deutsch,1992
21571,System Shock,Tomasa Kozey,Legend,Medknow Publications,1995
21965,Super Mario Bros.,Floyd Cassin III,Science fiction,Unknown,2023
22012,Falling into You,"Lela Emard, Coy Streich, Keeley Hand",Western,Unknown,1890
21611,Time of our Darkness,Mr. Dominque Becker,Tall tale,Airiti Press,1984
21452,City of God,Antonio Lindgren,Fairy tale,Gay Men's Press,1997
21781,Sgt. Pepper's Lonely Hearts Club Band,Lesli Bernier III,Narrative nonfiction,Orchard Books,1937
21412,Super Smash Bros. Ultimate,Korey Rice V,Speech,Barrie & Jenkins,1992
22013,Jurassic Park,The Hon. Kylee Rempel,Fantasy,Target Books,1983
21893,The Curious Incident of the Dog in the Night-Time,Antione O'Reilly,Fantasy,DAW Books,2016
21377,The Needle's Eye,"Sen. Amber Roberts, Prof. Augustus Konopelski",Classic,Hodder & Stoughton,1982
21421,Many Waters,Brandi Cole,Fable,Hackett Publishing Company,1982
22006,The Green Mile,"Benedict Steuber, Jon Hettinger DVM, Randal McCullough",Mythology,Hawthorne Books,1988
21993,Backstreet Boys,Sook Halvorson,Crime/Detective,Virgin Publishing,1980
21579,I Will Fear No Evil,Farah Rohan II,Reference book,Bloomsbury Publishing Plc,2022
21567,Dota 2,Yuette Parker,Textbook,Kensington Books,1988
21342,Millennium,"Deborah Grant, Shanti Hand, Roman Osinski Sr.",Legend,Firebrand Books,2010
22030,Counter-Strike: Global Offensive,Franklyn Stokes VM,Folklore,Canongate Books,2009
22032,Arms and the Man,Carroll Schultz,Historical fiction,Blackie and Son Limited,2005
21898,The Gold Rush,Elias O'Kon,Comic/Graphic Novel,Marion Boyars Publishers,1939
21511,Dunkirk,Mrs. Jessie Brekke,Folklore,Golden Cockerel Press,1988
21299,Dangerous,Josette Nikolaus DC,Legend,Bantam Spectra,2025
21437,Françoise Sagan,Shirlene Toy,Science fiction,Paulist Press,2015
21664,Wolfenstein 3D,Elvina Nader,Biography/Autobiography,UCL Press,2001
21832,"Alone on a Wide, Wide Sea",Pedro Bradtke,Mystery,Basic Books,2006
21526,To Kill a Mockingbird,Roland Murray,Fanfiction,Paulist Press,1979
21940,In a Dry Season,Fletcher Upton,Horror,D. Reidel,2010
21992,Fortnite,"Norberto Kohler, Moshe Wilderman",Metafiction,G-Unit Books,1976
21451,L.A. Noire,Billy Dare,Fairy tale,Hay House,1985
21949,Can't Slow Down,"Billie Ernser, Lamar Kautzer, Raymundo Aufderhar, Isabelle Boehm",Fiction in verse,Kogan Page,1996
21340,BioShock,Benjamin Mills,Comic/Graphic Novel,Manning Publications,2011
21947,Halo: Reach,"Sean Harvey III, Glenna Huel, Enrique Gislason",Science fiction,Pathfinder Press,2000
21631,Super Mario Sunshine,Julia Bartoletti,Fiction narrative,Parachute Publishing,1978
21320,Back to the Future,Anton Moen,Science fiction,DAW Books,2007
22053,A Farewell to Arms,"Antione O'Reilly, Josette Nikolaus DC",Essay,Tarpaulin Sky Press,2016
21327,Animal Crossing: New Leaf,Trevor Turner,Fiction in verse,Library of America,2005
21817,The Grand Budapest Hotel,"Era Hodkiewicz, Miss Bok Barrows, Jeffery Leuschke PhD",Fable,Godwit Press,1977
21420,The Man Within,Franklyn Stokes VM,Tall tale,Taylor & Francis,2019
21625,The Wind's Twelve Quarters,"Hue Ondricka I, Yesenia Raynor DDS, Lewis Boehm, Rosalva Beer",Fantasy,Secker & Warburg,1880
21845,Cross Road,"Phil Hettinger Ret., Verna Skiles",Speech,J. M. Dent,1986
21447,This Lime Tree Bower,"Blair Casper, Ms. Rodger Hoppe",Horror,Applewood Books,2005
21314,Unplugged,"Randal McCullough, Benedict Steuber, Jon Hettinger DVM",Fiction narrative,Applewood Books,1978
21581,Casablanca,Veronique Carter,Essay,Mandrake Press,1986
21826,Star Wars,"Moshe Wilderman, Norberto Kohler",Fanfiction,Bison Books,2023
21353,The Shawshank Redemption,"Amb. Amberly Beatty, Alysa Pouros Esq.",Biography/Autobiography,Ian Allan Publishing,1982
21622,The Way of All Flesh,"Guadalupe Batz Ret., Paula Rolfson, Kristeen Kessler CPA, Malorie Glover",Folklore,Nauka,2019
21757,Rosemary Sutcliff,"Fredda Brekke, Vernice Emard, Dylan Upton",Essay,Ziff Davis Media,2008
21984,Star Wars: Episode VI - Return of the Jedi,Kristeen Kessler CPA,Realistic fiction,Breslov Research Institute,2000
21958,The Immaculate Collection,Timmy Corwin,Fiction in verse,Charles Scribner's Sons,2022
21865,Blade Runner 2049,Odell Willms,Mythology,Mainstream Publishing,1988
21982,Batman: Arkham Asylum,Kirsten Schaefer,Textbook,Fearless Books,1978
21425,Whitney Houston,Angel Kuhic,Science fiction,Banner of Truth Trust,2023
21931,Whitney,Hortencia Wunsch,Legend,Tachyon Publications,2024
21463,Commandos: Beyond the Call of Duty,Miss Wade Lebsack,Comic/Graphic Novel,Orchard Books,1997
22024,Animal Crossing: Wild World,Lesli Bernier III,Metafiction,Cambridge University Press,1985
21876,The Waste Land,Mitch Gusikowski,Historical fiction,Mandrake of Oxford,2017
22047,The Grand Budapest Hotel,"Era Hodkiewicz, Miss Bok Barrows, Jeffery Leuschke PhD",Fable,Taylor & Francis,1993
21681,Katamari Damacy,"Mitch Gusikowski, Farah Rohan II",Metafiction,DAW Books,2016
21578,North by Northwest,Billie Ernser,Fanfiction,Ace Books,0
21445,Command & Conquer: Red Alert 2,Mr. Dominque Becker,Humor,Canongate Books,2026
21345,2001: A Space Odyssey,Mr. Dominque Becker,Suspense/Thriller,SAGE Publications,2022
21348,Seven Samurai,Jaleesa Breitenberg DVM,Realistic fiction,Ignatius Press,2012
21758,The Elephant Man,Barb Lynch,Metafiction,Haynes Manuals,1983
21801,Nevermind,"Reginia Weissnat, Miss Wade Lebsack",Narrative nonfiction,Velazquez Press,2000
21399,Pokémon: Let's Go Eevee!,Casey Bode,Comic/Graphic Novel,Palgrave Macmillan,1999
21520,Dirty Dancing,Amb. Nannie Labadie,Legend,Horizon Scientific Press,1994
21406,Yoshi's Wooly World,Dr. Emmaline Ritchie,Essay,Sams Publishing,1987
21855,Music Box,Karisa Kozey,Western,George H. Doran Company,1997
21668,Civilization VI,"Kirk Treutel, Klara Runolfsdottir Sr., Lonnie Hilpert",Folklore,Virago Press,1888
21500,Command & Conquer: Rivals,The Hon. Kylee Rempel,Humor,Dalkey Archive Press,2007
21813,The Lives of Others,"Lawrence Hauck, Sean Kassulke",Folklore,Burns & Oates,2001
21955,Slippery When Wet,Beverly McDermott,Fiction in verse,Churchill Livingstone,2000
21738,Goodfellas,Shirlene Toy,Classic,Parachute Publishing,2020
22016,Terrible Swift Sword,Louanne Cruickshank,Horror,University of Michigan Press,1998
21636,Gandhi,Carin Christiansen,Narrative nonfiction,Martinus Nijhoff Publishers,1967
21885,Command & Conquer: Tiberian Sun,Amb. Amberly Beatty,Science fiction,Unknown,1852
21789,Call of Duty: Black Ops,"Kirk Treutel, Klara Runolfsdottir Sr.",Textbook,Gay Men's Press,1984
21994,The Widening Gyre,The Hon. Terence Klocko,Fable,Butterworth-Heinemann,2001
21549,Cinema Paradiso,Miss Ward Farrell,Fantasy,Pen and Sword Books,1980
22045,Hotel Rwanda,Ted Rutherford,Reference book,Secker & Warburg,2025
21508,The Golden Bowl,"Tomasa Kozey, The Hon. Kylee Rempel",Realistic fiction,Gaspereau Press,2013
21556,V for Vendetta,"Hal Nitzsche, Damian Gulgowski",Fantasy,University of Akron Press,2010
21676,Guitar Hero,Miss Ward Farrell,Narrative nonfiction,Library of America,1989
21983,Brand New Eyes,Lakenya Boyer IV,Mythopoeia,"Farrar, Straus & Giroux",2010
21414,Star Wars: Episode I – The Phantom Menace,Carroll Schultz,Science fiction,Pen and Sword Books,2002
21799,Commandos: Strike Force,Elmer Parker,Narrative nonfiction,Happy House,1994
21482,Pokémon Moon,Zackary Carter,Fiction in verse,Candlewick Press,1978
21981,Daydream,Franklyn Stokes VM,Classic,Blue Ribbon Books,1980
21755,Starcraft,Danilo Zieme,Science fiction,Manning Publications,2015
21376,Kirby's Epic Yarn,"Frederick Klocko CPA, Jeffery Leuschke PhD, Miss Bok Barrows, Era Hodkiewicz",Fanfiction,Anova Books,2009
21943,If I Forget Thee Jerusalem,Wendell Zboncak,Fable,United States Government Publishing Office,1979
21895,The Heart Is Deceitful Above All Things,"Randal McCullough, Jon Hettinger DVM, Benedict Steuber",Comic/Graphic Novel,Bantam Books,2000
21770,Dwarf Fortress,Zoila Christiansen,Fairy tale,Basic Books,2003
21910,The Sign,Benjamin Mills,Comic/Graphic Novel,Marshall Cavendish,1890
21916,Crysis,"Dylan Upton, Fredda Brekke, Vernice Emard",Legend,Peace Hill Press,1983
21812,Civilization V,Susannah Tremblay DC,Speech,Mandrake Press,2000
21396,Memento,Barb Lynch,Comic/Graphic Novel,Adis International,1992
21803,Pokémon Blue,"Kristeen Kessler CPA, Malorie Glover, Guadalupe Batz Ret., Paula Rolfson",Classic,Marshall Pickering,2026
21572,Command & Conquer: Generals - Zero Hour,Cleo Predovic,Fiction in verse,Godwit Press,2008
21650,Hitman: Absolution,"Zackary Carter, Nick Ziemann",Fable,Focal Press,1975
21462,The Moving Toyshop,Rep. Vern Turcotte,Historical fiction,Adis International,1976
21764,Pokémon Sword,"Edmundo Oberbrunner, Amb. Elia Lebsack, Bernard Bayer",Textbook,Fairview Press,2004
21503,Halo 2,Gonzalo Macejkovic,Mythology,Schocken Books,2022
21841,An Evil Cradling,"Lonnie Hilpert, Jae Bogisich",Fantasy,HMSO,1984
21793,Halo 4,"Amb. Elia Lebsack, Bernard Bayer, Edmundo Oberbrunner",Fable,Candlewick Press,2005
21321,Fallout: New Vegas,Rosann Wolf VM,Reference book,Anova Books,2014
22017,"If Not Now, When?",Brandi Cole,Fantasy,St. Martin's Press,2010
21959,Saving Private Ryan,"Mohamed Dach, Clyde Jacobson",Folklore,Ziff Davis Media,1999
21488,A Wednesday,Selena Schroeder,Comic/Graphic Novel,Charles Scribner's Sons,1994
21825,The Thing,Cleo Predovic,Science fiction,Bloodaxe Books,1999
21573,Vertigo,"Marlon Casper, Boyce Hoeger",Reference book,Brill,2025
21322,Call of Duty 4: Modern Warfare,Mohamed Dach,Fantasy,Zed Books,1998
21483,To Sail Beyond the Sunset,Antonio Lindgren,Narrative nonfiction,Boydell & Brewer,2005
21432,Civilization III,Jerrold Bogan LLD,Historical fiction,Golden Cockerel Press,1977
21379,American Beauty,Prof. Remedios Powlowski,Western,Secker & Warburg,2021
21487,Kingdom Hearts II,Rossana Cruickshank,Reference book,Sams Publishing,1998
21666,Pokémon Ultra Moon,"Kristeen Kessler CPA, Malorie Glover, Paula Rolfson, Guadalupe Batz Ret.",Fanfiction,Pen and Sword Books,2015
21459,Wii Sports,Earnest Glover,Speech,Random House,2017
21301,Inside Out,Jaleesa Breitenberg DVM,Metafiction,"Farrar, Straus & Giroux",2011
21894,The Truman Show,"Jerald Raynor, Clyde Jacobson",Suspense/Thriller,Eerdmans Publishing,2012
21957,Consider the Lilies,Trevor Turner,Science fiction,Harcourt Assessment,1904
21697,Psycho,Leighann O'Connell,Tall tale,Booktrope,2011
22054,The Last of Us,Roland Murray,Suspense/Thriller,Taylor & Francis,1995
21690,Pokémon Alpha Sapphire,"Mercedez Welch, Alphonso Gulgowski",Science fiction,Harlequin Enterprises Ltd,1983
21674,The Sun Also Rises,Karisa Kozey,Classic,Breslov Research Institute,2026
21352,The Godfather: Part II,Miss Wade Lebsack,Suspense/Thriller,Booktrope,1980
21474,Day of the Tentacle,Terrance Schneider,Western,Adis International,1978
21862,Pokémon Ruby,"Dr. Emmaline Ritchie, Moshe Wilderman, Norberto Kohler",Western,Scholastic Press,1986
22037,Million Dollar Baby,"Catarina Gleason, Msgr. Mohammed Buckridge, Lilla Gislason DC",Essay,Burns & Oates,2007
21388,Day of the Tentacle,Terrance Schneider,Western,Mascot Books,2006
21464,The Line of Beauty,Phil Hettinger Ret.,Fanfiction,Salt Publishing,1996
21831,Helldorado,Laronda Kuhn,Narrative nonfiction,Candlewick Press,1978
22033,Heat,"Lela Emard, Keeley Hand, Coy Streich",Tall tale,Parachute Publishing,1994
21814,The Lion King,Myrl Miller,Mystery,Hodder Headline,1984
21548,Shadow Tactics: Blade of the Shogun,Casey Bode,Comic/Graphic Novel,Focal Press,1983
21990,Fear and Trembling,Ozzie Jast,Mystery,University of Akron Press,2024
21842,Dulce et Decorum Est,Maura Kuvalis DC,Horror,Ian Allan Publishing,2000
